{
  "project_info": {
    "project_number": "630829627341",
    "project_id": "in6222finalproject",
    "storage_bucket": "in6222finalproject.appspot.com"
  },
  "client": [
    {
      "client_info": {
        "mobilesdk_app_id": "1:630829627341:android:58d33723f1b9f768dbf684",
        "android_client_info": {
          "package_name": "com.in6222.final_project_chenzijia"
        }
      },
      "oauth_client": [],
      "api_key": [
        {
          "current_key": "AIzaSyB65R2WRLGzBkN48GpIFno1c4ExzexUi9Q"
        }
      ],
      "services": {
        "appinvite_service": {
          "other_platform_oauth_client": []
        }
      }
    }
  ],
  "configuration_version": "1"
}